model_name,accuracy,precision,recall,f1_score,roc_auc
XGBoost,0.8416666666666667,0.4,0.23529411764705882,0.2962962962962963,0.6887492861222159
Logistic Regression,0.8333333333333334,0.3333333333333333,0.17647058823529413,0.23076923076923078,0.7110222729868646
Decision Tree,0.8166666666666667,0.2222222222222222,0.11764705882352941,0.15384615384615385,0.6519131924614505
Random Forest,0.8416666666666667,0.0,0.0,0.0,0.6893203883495145
