model_name,mae,mse,rmse,r2_score
Linear Regression,758646.7682074073,969572316750.1566,984668.6329675362,0.9790553416912938
Random Forest Regressor,1285996.1083535783,2583971759769.2627,1607473.7197756183,0.9441811563173381
Decision Tree Regressor,1916312.9079093514,5679101504702.445,2383086.5499814404,0.8773203004442809
